institution_cat,industry_cat,grad_cohort,horizon,emp_instate_,emp_n_,SI_by_cohort,state
ASU,Agriculture,2004,1,37,44,.84090906,AZ
ASU,Agriculture,2004,5,17,32,.53125,AZ
ASU,Agriculture,2004,10,17,46,.36956522,AZ
ASU,Agriculture,2007,1,7,15,.46666667,AZ
ASU,Agriculture,2007,5,8,18,.44444445,AZ
ASU,Agriculture,2007,10,11,22,.5,AZ
ASU,Agriculture,2010,1,13,47,.27659574,AZ
ASU,Agriculture,2010,5,18,44,.40909091,AZ
ASU,Agriculture,2010,10,18,50,.36000001,AZ
ASU,Agriculture,2013,1,13,52,.25,AZ
ASU,Agriculture,2013,5,17,64,.265625,AZ
ASU,Agriculture,2013,10,,,,AZ
ASU,Agriculture,2016,1,19,67,.28358209,AZ
ASU,Agriculture,2016,5,25,73,.34246576,AZ
ASU,Agriculture,2016,10,,,,AZ
ASU,Agriculture,2019,1,21,106,.1981132,AZ
ASU,Agriculture,2019,5,,,,AZ
ASU,Agriculture,2019,10,,,,AZ
ASU,Mining,2004,1,13,20,.64999998,AZ
ASU,Mining,2004,5,20,35,.5714286,AZ
ASU,Mining,2004,10,22,35,.62857145,AZ
ASU,Mining,2007,1,10,19,.52631581,AZ
ASU,Mining,2007,5,12,18,.66666669,AZ
ASU,Mining,2007,10,6,12,.5,AZ
ASU,Mining,2010,1,30,58,.51724136,AZ
ASU,Mining,2010,5,24,42,.5714286,AZ
ASU,Mining,2010,10,22,49,.44897959,AZ
ASU,Mining,2013,1,13,37,.35135135,AZ
ASU,Mining,2013,5,22,39,.56410259,AZ
ASU,Mining,2013,10,,,,AZ
ASU,Mining,2016,1,36,64,.5625,AZ
ASU,Mining,2016,5,34,55,.61818182,AZ
ASU,Mining,2016,10,,,,AZ
ASU,Mining,2019,1,27,47,.57446808,AZ
ASU,Mining,2019,5,,,,AZ
ASU,Mining,2019,10,,,,AZ
ASU,Utilities,2004,1,137,147,.9319728,AZ
ASU,Utilities,2004,5,191,207,.92270529,AZ
ASU,Utilities,2004,10,222,244,.90983605,AZ
ASU,Utilities,2007,1,36,42,.85714287,AZ
ASU,Utilities,2007,5,53,62,.85483873,AZ
ASU,Utilities,2007,10,61,69,.884058,AZ
ASU,Utilities,2010,1,133,145,.91724139,AZ
ASU,Utilities,2010,5,212,240,.88333333,AZ
ASU,Utilities,2010,10,236,272,.86764705,AZ
ASU,Utilities,2013,1,203,220,.92272729,AZ
ASU,Utilities,2013,5,259,279,.9283154,AZ
ASU,Utilities,2013,10,,,,AZ
ASU,Utilities,2016,1,175,221,.79185522,AZ
ASU,Utilities,2016,5,234,283,.82685512,AZ
ASU,Utilities,2016,10,,,,AZ
ASU,Utilities,2019,1,183,237,.77215189,AZ
ASU,Utilities,2019,5,,,,AZ
ASU,Utilities,2019,10,,,,AZ
ASU,Construction,2004,1,761,913,.83351588,AZ
ASU,Construction,2004,5,428,620,.69032258,AZ
ASU,Construction,2004,10,359,594,.60437709,AZ
ASU,Construction,2007,1,116,162,.71604937,AZ
ASU,Construction,2007,5,107,196,.54591835,AZ
ASU,Construction,2007,10,143,229,.62445414,AZ
ASU,Construction,2010,1,399,592,.67398649,AZ
ASU,Construction,2010,5,427,728,.58653843,AZ
ASU,Construction,2010,10,506,834,.60671461,AZ
ASU,Construction,2013,1,449,706,.63597733,AZ
ASU,Construction,2013,5,526,882,.59637189,AZ
ASU,Construction,2013,10,,,,AZ
ASU,Construction,2016,1,574,923,.62188518,AZ
ASU,Construction,2016,5,677,1098,.6165756,AZ
ASU,Construction,2016,10,,,,AZ
ASU,Construction,2019,1,761,1240,.61370969,AZ
ASU,Construction,2019,5,,,,AZ
ASU,Construction,2019,10,,,,AZ
ASU,Manufacturing,2004,1,970,1342,.7228018,AZ
ASU,Manufacturing,2004,5,927,1401,.66167021,AZ
ASU,Manufacturing,2004,10,851,1438,.59179413,AZ
ASU,Manufacturing,2007,1,226,373,.60589814,AZ
ASU,Manufacturing,2007,5,282,575,.4904348,AZ
ASU,Manufacturing,2007,10,282,517,.54545456,AZ
ASU,Manufacturing,2010,1,985,1488,.66196239,AZ
ASU,Manufacturing,2010,5,1062,1789,.59362775,AZ
ASU,Manufacturing,2010,10,1050,1775,.59154928,AZ
ASU,Manufacturing,2013,1,1201,1897,.63310492,AZ
ASU,Manufacturing,2013,5,1406,2248,.62544483,AZ
ASU,Manufacturing,2013,10,,,,AZ
ASU,Manufacturing,2016,1,1721,2609,.65963972,AZ
ASU,Manufacturing,2016,5,1738,2875,.60452175,AZ
ASU,Manufacturing,2016,10,,,,AZ
ASU,Manufacturing,2019,1,1786,2935,.60851789,AZ
ASU,Manufacturing,2019,5,,,,AZ
ASU,Manufacturing,2019,10,,,,AZ
ASU,Wholesale,2004,1,585,785,.74522293,AZ
ASU,Wholesale,2004,5,560,867,.64590544,AZ
ASU,Wholesale,2004,10,502,905,.55469614,AZ
ASU,Wholesale,2007,1,176,257,.68482488,AZ
ASU,Wholesale,2007,5,175,339,.51622421,AZ
ASU,Wholesale,2007,10,170,318,.5345912,AZ
ASU,Wholesale,2010,1,570,840,.6785714,AZ
ASU,Wholesale,2010,5,548,1017,.5388397,AZ
ASU,Wholesale,2010,10,593,1066,.5562852,AZ
ASU,Wholesale,2013,1,590,1017,.58013767,AZ
ASU,Wholesale,2013,5,584,1081,.54024053,AZ
ASU,Wholesale,2013,10,,,,AZ
ASU,Wholesale,2016,1,634,1161,.54608095,AZ
ASU,Wholesale,2016,5,793,1439,.55107713,AZ
ASU,Wholesale,2016,10,,,,AZ
ASU,Wholesale,2019,1,761,1423,.53478569,AZ
ASU,Wholesale,2019,5,,,,AZ
ASU,Wholesale,2019,10,,,,AZ
ASU,Retail,2004,1,1249,1535,.81368077,AZ
ASU,Retail,2004,5,789,1189,.66358286,AZ
ASU,Retail,2004,10,587,1024,.57324219,AZ
ASU,Retail,2007,1,518,642,.80685359,AZ
ASU,Retail,2007,5,310,572,.54195803,AZ
ASU,Retail,2007,10,228,431,.52900231,AZ
ASU,Retail,2010,1,1756,2197,.79927176,AZ
ASU,Retail,2010,5,1046,1641,.63741618,AZ
ASU,Retail,2010,10,772,1314,.58751905,AZ
ASU,Retail,2013,1,1688,2286,.73840767,AZ
ASU,Retail,2013,5,1052,1716,.61305362,AZ
ASU,Retail,2013,10,,,,AZ
ASU,Retail,2016,1,1530,2290,.66812229,AZ
ASU,Retail,2016,5,1081,1794,.6025641,AZ
ASU,Retail,2016,10,,,,AZ
ASU,Retail,2019,1,1852,2807,.65977913,AZ
ASU,Retail,2019,5,,,,AZ
ASU,Retail,2019,10,,,,AZ
ASU,Transportation,2004,1,248,325,.7630769,AZ
ASU,Transportation,2004,5,212,348,.60919541,AZ
ASU,Transportation,2004,10,171,344,.49709302,AZ
ASU,Transportation,2007,1,92,129,.71317828,AZ
ASU,Transportation,2007,5,91,163,.5582822,AZ
ASU,Transportation,2007,10,88,157,.56050956,AZ
ASU,Transportation,2010,1,374,522,.71647507,AZ
ASU,Transportation,2010,5,313,602,.51993358,AZ
ASU,Transportation,2010,10,369,662,.55740184,AZ
ASU,Transportation,2013,1,421,623,.67576241,AZ
ASU,Transportation,2013,5,484,859,.56344587,AZ
ASU,Transportation,2013,10,,,,AZ
ASU,Transportation,2016,1,525,864,.6076389,AZ
ASU,Transportation,2016,5,585,1110,.52702701,AZ
ASU,Transportation,2016,10,,,,AZ
ASU,Transportation,2019,1,906,1373,.6598689,AZ
ASU,Transportation,2019,5,,,,AZ
ASU,Transportation,2019,10,,,,AZ
ASU,Information,2004,1,463,666,.6951952,AZ
ASU,Information,2004,5,368,668,.55089819,AZ
ASU,Information,2004,10,386,780,.4948718,AZ
ASU,Information,2007,1,114,170,.67058825,AZ
ASU,Information,2007,5,170,338,.5029586,AZ
ASU,Information,2007,10,151,318,.47484276,AZ
ASU,Information,2010,1,571,851,.67097533,AZ
ASU,Information,2010,5,636,1291,.49264136,AZ
ASU,Information,2010,10,609,1306,.46630934,AZ
ASU,Information,2013,1,768,1200,.63999999,AZ
ASU,Information,2013,5,688,1422,.48382559,AZ
ASU,Information,2013,10,,,,AZ
ASU,Information,2016,1,777,1392,.55818963,AZ
ASU,Information,2016,5,833,1701,.48971194,AZ
ASU,Information,2016,10,,,,AZ
ASU,Information,2019,1,721,1504,.4793883,AZ
ASU,Information,2019,5,,,,AZ
ASU,Information,2019,10,,,,AZ
ASU,Finance,2004,1,1960,2303,.85106385,AZ
ASU,Finance,2004,5,1508,2011,.74987566,AZ
ASU,Finance,2004,10,1380,2019,.68350667,AZ
ASU,Finance,2007,1,538,664,.81024098,AZ
ASU,Finance,2007,5,557,769,.72431731,AZ
ASU,Finance,2007,10,557,776,.71778351,AZ
ASU,Finance,2010,1,1866,2243,.83192152,AZ
ASU,Finance,2010,5,2049,2709,.75636768,AZ
ASU,Finance,2010,10,1956,2691,.72686732,AZ
ASU,Finance,2013,1,2063,2544,.81092769,AZ
ASU,Finance,2013,5,2248,3027,.7426495,AZ
ASU,Finance,2013,10,,,,AZ
ASU,Finance,2016,1,2158,2910,.74158078,AZ
ASU,Finance,2016,5,2348,3393,.69201297,AZ
ASU,Finance,2016,10,,,,AZ
ASU,Finance,2019,1,2296,3300,.69575757,AZ
ASU,Finance,2019,5,,,,AZ
ASU,Finance,2019,10,,,,AZ
ASU,Real Estate,2004,1,447,522,.85632181,AZ
ASU,Real Estate,2004,5,319,418,.7631579,AZ
ASU,Real Estate,2004,10,274,395,.69367087,AZ
ASU,Real Estate,2007,1,90,117,.76923078,AZ
ASU,Real Estate,2007,5,108,156,.69230771,AZ
ASU,Real Estate,2007,10,123,174,.70689654,AZ
ASU,Real Estate,2010,1,406,510,.79607844,AZ
ASU,Real Estate,2010,5,402,589,.68251276,AZ
ASU,Real Estate,2010,10,391,577,.677643,AZ
ASU,Real Estate,2013,1,445,593,.75042158,AZ
ASU,Real Estate,2013,5,462,662,.69788522,AZ
ASU,Real Estate,2013,10,,,,AZ
ASU,Real Estate,2016,1,490,675,.72592592,AZ
ASU,Real Estate,2016,5,467,692,.67485547,AZ
ASU,Real Estate,2016,10,,,,AZ
ASU,Real Estate,2019,1,465,735,.63265306,AZ
ASU,Real Estate,2019,5,,,,AZ
ASU,Real Estate,2019,10,,,,AZ
ASU,Professional Services,2004,1,1768,2302,.76802778,AZ
ASU,Professional Services,2004,5,1447,2378,.60849452,AZ
ASU,Professional Services,2004,10,1290,2493,.51744884,AZ
ASU,Professional Services,2007,1,453,626,.72364217,AZ
ASU,Professional Services,2007,5,495,980,.50510204,AZ
ASU,Professional Services,2007,10,549,1041,.52737755,AZ
ASU,Professional Services,2010,1,1776,2530,.7019763,AZ
ASU,Professional Services,2010,5,1867,3455,.54037625,AZ
ASU,Professional Services,2010,10,1852,3627,.51061481,AZ
ASU,Professional Services,2013,1,2344,3440,.68139535,AZ
ASU,Professional Services,2013,5,2425,4316,.56186283,AZ
ASU,Professional Services,2013,10,,,,AZ
ASU,Professional Services,2016,1,2715,4327,.62745553,AZ
ASU,Professional Services,2016,5,2608,5122,.50917608,AZ
ASU,Professional Services,2016,10,,,,AZ
ASU,Professional Services,2019,1,3185,5496,.57951236,AZ
ASU,Professional Services,2019,5,,,,AZ
ASU,Professional Services,2019,10,,,,AZ
ASU,Management,2004,1,221,293,.7542662,AZ
ASU,Management,2004,5,263,368,.71467394,AZ
ASU,Management,2004,10,283,466,.60729611,AZ
ASU,Management,2007,1,79,98,.80612242,AZ
ASU,Management,2007,5,87,133,.65413535,AZ
ASU,Management,2007,10,81,117,.69230771,AZ
ASU,Management,2010,1,287,359,.79944289,AZ
ASU,Management,2010,5,336,485,.69278353,AZ
ASU,Management,2010,10,318,550,.5781818,AZ
ASU,Management,2013,1,320,463,.6911447,AZ
ASU,Management,2013,5,381,588,.64795917,AZ
ASU,Management,2013,10,,,,AZ
ASU,Management,2016,1,353,579,.60967183,AZ
ASU,Management,2016,5,448,764,.58638746,AZ
ASU,Management,2016,10,,,,AZ
ASU,Management,2019,1,396,734,.53950953,AZ
ASU,Management,2019,5,,,,AZ
ASU,Management,2019,10,,,,AZ
ASU,Admin/Waste,2004,1,1107,1328,.83358431,AZ
ASU,Admin/Waste,2004,5,691,995,.69447237,AZ
ASU,Admin/Waste,2004,10,672,1007,.66732872,AZ
ASU,Admin/Waste,2007,1,321,426,.75352114,AZ
ASU,Admin/Waste,2007,5,321,502,.63944221,AZ
ASU,Admin/Waste,2007,10,261,404,.64603961,AZ
ASU,Admin/Waste,2010,1,1338,1696,.7889151,AZ
ASU,Admin/Waste,2010,5,1079,1618,.66687268,AZ
ASU,Admin/Waste,2010,10,912,1442,.63245493,AZ
ASU,Admin/Waste,2013,1,1664,2224,.74820143,AZ
ASU,Admin/Waste,2013,5,1167,1766,.66081542,AZ
ASU,Admin/Waste,2013,10,,,,AZ
ASU,Admin/Waste,2016,1,1709,2433,.702425,AZ
ASU,Admin/Waste,2016,5,1342,2206,.60834086,AZ
ASU,Admin/Waste,2016,10,,,,AZ
ASU,Admin/Waste,2019,1,1986,2968,.66913748,AZ
ASU,Admin/Waste,2019,5,,,,AZ
ASU,Admin/Waste,2019,10,,,,AZ
ASU,Education,2004,1,3788,4140,.91497582,AZ
ASU,Education,2004,5,3719,4458,.8342306,AZ
ASU,Education,2004,10,3197,4258,.75082201,AZ
ASU,Education,2007,1,986,1140,.86491227,AZ
ASU,Education,2007,5,1115,1436,.77646238,AZ
ASU,Education,2007,10,963,1344,.71651787,AZ
ASU,Education,2010,1,3296,3681,.89540887,AZ
ASU,Education,2010,5,3362,4338,.77501154,AZ
ASU,Education,2010,10,2964,4079,.72664869,AZ
ASU,Education,2013,1,3027,3626,.83480418,AZ
ASU,Education,2013,5,3077,4173,.73735923,AZ
ASU,Education,2013,10,,,,AZ
ASU,Education,2016,1,2909,3809,.76371753,AZ
ASU,Education,2016,5,2934,4537,.64668286,AZ
ASU,Education,2016,10,,,,AZ
ASU,Education,2019,1,3126,4407,.70932609,AZ
ASU,Education,2019,5,,,,AZ
ASU,Education,2019,10,,,,AZ
ASU,Health Care,2004,1,1907,2234,.85362577,AZ
ASU,Health Care,2004,5,1873,2554,.73335946,AZ
ASU,Health Care,2004,10,1878,2824,.66501415,AZ
ASU,Health Care,2007,1,802,949,.8451001,AZ
ASU,Health Care,2007,5,802,1140,.70350879,AZ
ASU,Health Care,2007,10,824,1269,.6493302,AZ
ASU,Health Care,2010,1,2614,3128,.83567774,AZ
ASU,Health Care,2010,5,2726,3768,.72346073,AZ
ASU,Health Care,2010,10,2866,4233,.6770612,AZ
ASU,Health Care,2013,1,3125,4061,.76951492,AZ
ASU,Health Care,2013,5,3499,5017,.69742876,AZ
ASU,Health Care,2013,10,,,,AZ
ASU,Health Care,2016,1,3350,4603,.72778624,AZ
ASU,Health Care,2016,5,3507,5387,.65101171,AZ
ASU,Health Care,2016,10,,,,AZ
ASU,Health Care,2019,1,4771,6794,.70223725,AZ
ASU,Health Care,2019,5,,,,AZ
ASU,Health Care,2019,10,,,,AZ
ASU,Arts/Entertainment,2004,1,341,439,.77676535,AZ
ASU,Arts/Entertainment,2004,5,250,362,.69060773,AZ
ASU,Arts/Entertainment,2004,10,221,351,.62962961,AZ
ASU,Arts/Entertainment,2007,1,97,123,.78861791,AZ
ASU,Arts/Entertainment,2007,5,76,134,.56716418,AZ
ASU,Arts/Entertainment,2007,10,67,103,.65048546,AZ
ASU,Arts/Entertainment,2010,1,395,517,.76402318,AZ
ASU,Arts/Entertainment,2010,5,299,469,.63752663,AZ
ASU,Arts/Entertainment,2010,10,214,387,.5529716,AZ
ASU,Arts/Entertainment,2013,1,430,606,.70957094,AZ
ASU,Arts/Entertainment,2013,5,305,540,.56481481,AZ
ASU,Arts/Entertainment,2013,10,,,,AZ
ASU,Arts/Entertainment,2016,1,495,774,.63953489,AZ
ASU,Arts/Entertainment,2016,5,326,626,.52076679,AZ
ASU,Arts/Entertainment,2016,10,,,,AZ
ASU,Arts/Entertainment,2019,1,420,686,.6122449,AZ
ASU,Arts/Entertainment,2019,5,,,,AZ
ASU,Arts/Entertainment,2019,10,,,,AZ
ASU,Food/Hospitality,2004,1,1019,1334,.76386809,AZ
ASU,Food/Hospitality,2004,5,463,850,.54470587,AZ
ASU,Food/Hospitality,2004,10,312,679,.45949927,AZ
ASU,Food/Hospitality,2007,1,459,609,.75369459,AZ
ASU,Food/Hospitality,2007,5,208,423,.49172577,AZ
ASU,Food/Hospitality,2007,10,127,269,.47211897,AZ
ASU,Food/Hospitality,2010,1,1398,1880,.743617,AZ
ASU,Food/Hospitality,2010,5,599,1167,.51328194,AZ
ASU,Food/Hospitality,2010,10,334,704,.47443181,AZ
ASU,Food/Hospitality,2013,1,1435,2023,.70934254,AZ
ASU,Food/Hospitality,2013,5,634,1181,.53683317,AZ
ASU,Food/Hospitality,2013,10,,,,AZ
ASU,Food/Hospitality,2016,1,1571,2939,.53453553,AZ
ASU,Food/Hospitality,2016,5,629,1403,.44832501,AZ
ASU,Food/Hospitality,2016,10,,,,AZ
ASU,Food/Hospitality,2019,1,1668,3796,.43940991,AZ
ASU,Food/Hospitality,2019,5,,,,AZ
ASU,Food/Hospitality,2019,10,,,,AZ
ASU,Other Services,2004,1,307,383,.8015666,AZ
ASU,Other Services,2004,5,256,388,.65979379,AZ
ASU,Other Services,2004,10,230,386,.59585494,AZ
ASU,Other Services,2007,1,96,130,.73846155,AZ
ASU,Other Services,2007,5,105,155,.67741936,AZ
ASU,Other Services,2007,10,91,154,.59090906,AZ
ASU,Other Services,2010,1,381,490,.777551,AZ
ASU,Other Services,2010,5,321,519,.61849713,AZ
ASU,Other Services,2010,10,305,512,.59570313,AZ
ASU,Other Services,2013,1,422,589,.71646857,AZ
ASU,Other Services,2013,5,383,595,.6436975,AZ
ASU,Other Services,2013,10,,,,AZ
ASU,Other Services,2016,1,427,658,.64893615,AZ
ASU,Other Services,2016,5,397,678,.58554572,AZ
ASU,Other Services,2016,10,,,,AZ
ASU,Other Services,2019,1,491,823,.59659779,AZ
ASU,Other Services,2019,5,,,,AZ
ASU,Other Services,2019,10,,,,AZ
ASU,Public Admin,2004,1,889,991,.89707369,AZ
ASU,Public Admin,2004,5,1051,1303,.80660015,AZ
ASU,Public Admin,2004,10,1042,1399,.74481773,AZ
ASU,Public Admin,2007,1,212,262,.80916029,AZ
ASU,Public Admin,2007,5,318,427,.74473065,AZ
ASU,Public Admin,2007,10,332,452,.73451328,AZ
ASU,Public Admin,2010,1,856,986,.86815417,AZ
ASU,Public Admin,2010,5,1216,1549,.78502262,AZ
ASU,Public Admin,2010,10,1151,1632,.70526963,AZ
ASU,Public Admin,2013,1,1080,1410,.76595747,AZ
ASU,Public Admin,2013,5,1347,1945,.692545,AZ
ASU,Public Admin,2013,10,,,,AZ
ASU,Public Admin,2016,1,1001,1524,.65682417,AZ
ASU,Public Admin,2016,5,1196,2039,.58656204,AZ
ASU,Public Admin,2016,10,,,,AZ
ASU,Public Admin,2019,1,1040,1791,.5806812,AZ
ASU,Public Admin,2019,5,,,,AZ
ASU,Public Admin,2019,10,,,,AZ
NAU,Agriculture,2004,1,8,15,.53333336,AZ
NAU,Agriculture,2004,5,4,6,.66666669,AZ
NAU,Agriculture,2004,10,6,12,.5,AZ
NAU,Agriculture,2007,1,4,8,.5,AZ
NAU,Agriculture,2007,5,2,11,.18181819,AZ
NAU,Agriculture,2007,10,1,11,.090909094,AZ
NAU,Agriculture,2010,1,6,17,.35294119,AZ
NAU,Agriculture,2010,5,9,17,.52941179,AZ
NAU,Agriculture,2010,10,14,20,.69999999,AZ
NAU,Agriculture,2013,1,6,14,.42857143,AZ
NAU,Agriculture,2013,5,4,10,.40000001,AZ
NAU,Agriculture,2013,10,,,,AZ
NAU,Agriculture,2016,1,7,19,.36842105,AZ
NAU,Agriculture,2016,5,13,36,.3611111,AZ
NAU,Agriculture,2016,10,,,,AZ
NAU,Agriculture,2019,1,11,22,.5,AZ
NAU,Agriculture,2019,5,,,,AZ
NAU,Agriculture,2019,10,,,,AZ
NAU,Mining,2004,1,6,8,.75,AZ
NAU,Mining,2004,5,10,13,.76923078,AZ
NAU,Mining,2004,10,8,16,.5,AZ
NAU,Mining,2007,1,8,12,.66666669,AZ
NAU,Mining,2007,5,11,21,.52380955,AZ
NAU,Mining,2007,10,5,8,.625,AZ
NAU,Mining,2010,1,9,12,.75,AZ
NAU,Mining,2010,5,8,11,.72727275,AZ
NAU,Mining,2010,10,7,11,.63636363,AZ
NAU,Mining,2013,1,16,19,.84210527,AZ
NAU,Mining,2013,5,16,18,.8888889,AZ
NAU,Mining,2013,10,,,,AZ
NAU,Mining,2016,1,16,20,.80000001,AZ
NAU,Mining,2016,5,17,21,.80952382,AZ
NAU,Mining,2016,10,,,,AZ
NAU,Mining,2019,1,16,19,.84210527,AZ
NAU,Mining,2019,5,,,,AZ
NAU,Mining,2019,10,,,,AZ
NAU,Utilities,2004,1,28,31,.90322578,AZ
NAU,Utilities,2004,5,35,38,.92105263,AZ
NAU,Utilities,2004,10,40,45,.8888889,AZ
NAU,Utilities,2007,1,34,40,.85000002,AZ
NAU,Utilities,2007,5,37,42,.88095236,AZ
NAU,Utilities,2007,10,47,50,.94,AZ
NAU,Utilities,2010,1,50,55,.90909094,AZ
NAU,Utilities,2010,5,52,61,.85245901,AZ
NAU,Utilities,2010,10,61,67,.91044778,AZ
NAU,Utilities,2013,1,57,63,.90476191,AZ
NAU,Utilities,2013,5,59,75,.78666669,AZ
NAU,Utilities,2013,10,,,,AZ
NAU,Utilities,2016,1,57,64,.890625,AZ
NAU,Utilities,2016,5,67,75,.89333332,AZ
NAU,Utilities,2016,10,,,,AZ
NAU,Utilities,2019,1,41,50,.81999999,AZ
NAU,Utilities,2019,5,,,,AZ
NAU,Utilities,2019,10,,,,AZ
NAU,Construction,2004,1,212,282,.75177306,AZ
NAU,Construction,2004,5,125,192,.65104169,AZ
NAU,Construction,2004,10,129,223,.57847536,AZ
NAU,Construction,2007,1,119,170,.69999999,AZ
NAU,Construction,2007,5,87,168,.51785713,AZ
NAU,Construction,2007,10,108,210,.51428574,AZ
NAU,Construction,2010,1,126,200,.63,AZ
NAU,Construction,2010,5,123,242,.50826448,AZ
NAU,Construction,2010,10,148,271,.54612547,AZ
NAU,Construction,2013,1,134,263,.50950569,AZ
NAU,Construction,2013,5,157,319,.492163,AZ
NAU,Construction,2013,10,,,,AZ
NAU,Construction,2016,1,184,315,.58412701,AZ
NAU,Construction,2016,5,209,395,.52911395,AZ
NAU,Construction,2016,10,,,,AZ
NAU,Construction,2019,1,223,393,.56743002,AZ
NAU,Construction,2019,5,,,,AZ
NAU,Construction,2019,10,,,,AZ
NAU,Manufacturing,2004,1,179,274,.65328467,AZ
NAU,Manufacturing,2004,5,157,285,.55087721,AZ
NAU,Manufacturing,2004,10,169,295,.57288134,AZ
NAU,Manufacturing,2007,1,149,231,.64502162,AZ
NAU,Manufacturing,2007,5,161,259,.62162161,AZ
NAU,Manufacturing,2007,10,155,293,.52901024,AZ
NAU,Manufacturing,2010,1,200,316,.63291138,AZ
NAU,Manufacturing,2010,5,213,395,.53924048,AZ
NAU,Manufacturing,2010,10,227,401,.5660848,AZ
NAU,Manufacturing,2013,1,228,410,.55609757,AZ
NAU,Manufacturing,2013,5,316,553,.5714286,AZ
NAU,Manufacturing,2013,10,,,,AZ
NAU,Manufacturing,2016,1,338,556,.60791367,AZ
NAU,Manufacturing,2016,5,359,624,.57532054,AZ
NAU,Manufacturing,2016,10,,,,AZ
NAU,Manufacturing,2019,1,319,536,.59514928,AZ
NAU,Manufacturing,2019,5,,,,AZ
NAU,Manufacturing,2019,10,,,,AZ
NAU,Wholesale,2004,1,81,121,.66942149,AZ
NAU,Wholesale,2004,5,69,132,.52272725,AZ
NAU,Wholesale,2004,10,61,135,.45185184,AZ
NAU,Wholesale,2007,1,55,104,.52884614,AZ
NAU,Wholesale,2007,5,72,153,.47058824,AZ
NAU,Wholesale,2007,10,93,159,.58490568,AZ
NAU,Wholesale,2010,1,104,160,.64999998,AZ
NAU,Wholesale,2010,5,123,238,.51680672,AZ
NAU,Wholesale,2010,10,120,254,.47244096,AZ
NAU,Wholesale,2013,1,108,197,.54822338,AZ
NAU,Wholesale,2013,5,125,256,.48828125,AZ
NAU,Wholesale,2013,10,,,,AZ
NAU,Wholesale,2016,1,148,259,.5714286,AZ
NAU,Wholesale,2016,5,173,321,.53894079,AZ
NAU,Wholesale,2016,10,,,,AZ
NAU,Wholesale,2019,1,146,232,.62931037,AZ
NAU,Wholesale,2019,5,,,,AZ
NAU,Wholesale,2019,10,,,,AZ
NAU,Retail,2004,1,359,488,.73565573,AZ
NAU,Retail,2004,5,202,366,.55191255,AZ
NAU,Retail,2004,10,144,304,.47368422,AZ
NAU,Retail,2007,1,364,465,.78279573,AZ
NAU,Retail,2007,5,220,386,.5699482,AZ
NAU,Retail,2007,10,138,294,.46938777,AZ
NAU,Retail,2010,1,434,608,.71381581,AZ
NAU,Retail,2010,5,259,491,.52749491,AZ
NAU,Retail,2010,10,203,393,.51653945,AZ
NAU,Retail,2013,1,515,735,.70068026,AZ
NAU,Retail,2013,5,302,505,.59801978,AZ
NAU,Retail,2013,10,,,,AZ
NAU,Retail,2016,1,555,822,.67518246,AZ
NAU,Retail,2016,5,351,609,.57635468,AZ
NAU,Retail,2016,10,,,,AZ
NAU,Retail,2019,1,668,976,.68442625,AZ
NAU,Retail,2019,5,,,,AZ
NAU,Retail,2019,10,,,,AZ
NAU,Transportation,2004,1,47,69,.68115944,AZ
NAU,Transportation,2004,5,42,67,.62686568,AZ
NAU,Transportation,2004,10,34,75,.45333335,AZ
NAU,Transportation,2007,1,31,50,.62,AZ
NAU,Transportation,2007,5,43,66,.65151513,AZ
NAU,Transportation,2007,10,30,73,.41095892,AZ
NAU,Transportation,2010,1,57,73,.78082192,AZ
NAU,Transportation,2010,5,60,98,.6122449,AZ
NAU,Transportation,2010,10,82,139,.58992803,AZ
NAU,Transportation,2013,1,70,99,.70707071,AZ
NAU,Transportation,2013,5,103,181,.5690608,AZ
NAU,Transportation,2013,10,,,,AZ
NAU,Transportation,2016,1,89,135,.65925926,AZ
NAU,Transportation,2016,5,142,227,.62555069,AZ
NAU,Transportation,2016,10,,,,AZ
NAU,Transportation,2019,1,177,239,.74058574,AZ
NAU,Transportation,2019,5,,,,AZ
NAU,Transportation,2019,10,,,,AZ
NAU,Information,2004,1,95,134,.70895523,AZ
NAU,Information,2004,5,57,113,.50442475,AZ
NAU,Information,2004,10,54,117,.46153846,AZ
NAU,Information,2007,1,72,109,.66055048,AZ
NAU,Information,2007,5,54,105,.51428574,AZ
NAU,Information,2007,10,40,100,.40000001,AZ
NAU,Information,2010,1,120,168,.71428573,AZ
NAU,Information,2010,5,122,217,.56221199,AZ
NAU,Information,2010,10,114,259,.44015443,AZ
NAU,Information,2013,1,146,198,.73737371,AZ
NAU,Information,2013,5,145,261,.55555558,AZ
NAU,Information,2013,10,,,,AZ
NAU,Information,2016,1,160,250,.63999999,AZ
NAU,Information,2016,5,157,299,.5250836,AZ
NAU,Information,2016,10,,,,AZ
NAU,Information,2019,1,141,212,.66509432,AZ
NAU,Information,2019,5,,,,AZ
NAU,Information,2019,10,,,,AZ
NAU,Finance,2004,1,283,366,.77322406,AZ
NAU,Finance,2004,5,255,367,.69482291,AZ
NAU,Finance,2004,10,227,355,.6394366,AZ
NAU,Finance,2007,1,222,275,.80727273,AZ
NAU,Finance,2007,5,222,325,.68307692,AZ
NAU,Finance,2007,10,225,340,.66176468,AZ
NAU,Finance,2010,1,335,421,.79572445,AZ
NAU,Finance,2010,5,375,517,.72533852,AZ
NAU,Finance,2010,10,380,547,.69469833,AZ
NAU,Finance,2013,1,464,564,.82269502,AZ
NAU,Finance,2013,5,538,695,.77410072,AZ
NAU,Finance,2013,10,,,,AZ
NAU,Finance,2016,1,547,662,.82628399,AZ
NAU,Finance,2016,5,607,833,.72869146,AZ
NAU,Finance,2016,10,,,,AZ
NAU,Finance,2019,1,529,711,.74402249,AZ
NAU,Finance,2019,5,,,,AZ
NAU,Finance,2019,10,,,,AZ
NAU,Real Estate,2004,1,100,117,.85470086,AZ
NAU,Real Estate,2004,5,50,82,.60975611,AZ
NAU,Real Estate,2004,10,46,72,.6388889,AZ
NAU,Real Estate,2007,1,56,83,.67469877,AZ
NAU,Real Estate,2007,5,59,85,.69411767,AZ
NAU,Real Estate,2007,10,64,92,.69565219,AZ
NAU,Real Estate,2010,1,100,126,.79365081,AZ
NAU,Real Estate,2010,5,89,133,.66917294,AZ
NAU,Real Estate,2010,10,81,125,.648,AZ
NAU,Real Estate,2013,1,124,160,.77499998,AZ
NAU,Real Estate,2013,5,92,154,.59740257,AZ
NAU,Real Estate,2013,10,,,,AZ
NAU,Real Estate,2016,1,114,177,.64406782,AZ
NAU,Real Estate,2016,5,106,186,.56989247,AZ
NAU,Real Estate,2016,10,,,,AZ
NAU,Real Estate,2019,1,157,204,.76960784,AZ
NAU,Real Estate,2019,5,,,,AZ
NAU,Real Estate,2019,10,,,,AZ
NAU,Professional Services,2004,1,324,487,.66529775,AZ
NAU,Professional Services,2004,5,270,479,.56367433,AZ
NAU,Professional Services,2004,10,243,509,.47740668,AZ
NAU,Professional Services,2007,1,302,456,.66228068,AZ
NAU,Professional Services,2007,5,238,467,.50963598,AZ
NAU,Professional Services,2007,10,216,492,.43902439,AZ
NAU,Professional Services,2010,1,352,595,.59159666,AZ
NAU,Professional Services,2010,5,365,766,.47650132,AZ
NAU,Professional Services,2010,10,361,819,.44078144,AZ
NAU,Professional Services,2013,1,464,767,.60495436,AZ
NAU,Professional Services,2013,5,493,989,.49848333,AZ
NAU,Professional Services,2013,10,,,,AZ
NAU,Professional Services,2016,1,587,954,.61530399,AZ
NAU,Professional Services,2016,5,638,1290,.49457365,AZ
NAU,Professional Services,2016,10,,,,AZ
NAU,Professional Services,2019,1,761,1178,.64601016,AZ
NAU,Professional Services,2019,5,,,,AZ
NAU,Professional Services,2019,10,,,,AZ
NAU,Management,2004,1,24,32,.75,AZ
NAU,Management,2004,5,34,47,.72340423,AZ
NAU,Management,2004,10,46,66,.69696969,AZ
NAU,Management,2007,1,25,39,.64102566,AZ
NAU,Management,2007,5,36,58,.62068963,AZ
NAU,Management,2007,10,39,69,.56521738,AZ
NAU,Management,2010,1,40,54,.74074072,AZ
NAU,Management,2010,5,60,105,.5714286,AZ
NAU,Management,2010,10,72,107,.67289722,AZ
NAU,Management,2013,1,100,130,.76923078,AZ
NAU,Management,2013,5,93,153,.60784316,AZ
NAU,Management,2013,10,,,,AZ
NAU,Management,2016,1,85,119,.71428573,AZ
NAU,Management,2016,5,120,172,.69767439,AZ
NAU,Management,2016,10,,,,AZ
NAU,Management,2019,1,109,158,.6898734,AZ
NAU,Management,2019,5,,,,AZ
NAU,Management,2019,10,,,,AZ
NAU,Admin/Waste,2004,1,227,319,.71159875,AZ
NAU,Admin/Waste,2004,5,135,231,.58441556,AZ
NAU,Admin/Waste,2004,10,152,249,.61044174,AZ
NAU,Admin/Waste,2007,1,178,226,.78761059,AZ
NAU,Admin/Waste,2007,5,170,258,.65891474,AZ
NAU,Admin/Waste,2007,10,140,257,.54474705,AZ
NAU,Admin/Waste,2010,1,298,426,.69953054,AZ
NAU,Admin/Waste,2010,5,244,403,.60545903,AZ
NAU,Admin/Waste,2010,10,219,378,.57936507,AZ
NAU,Admin/Waste,2013,1,408,595,.6857143,AZ
NAU,Admin/Waste,2013,5,310,513,.60428852,AZ
NAU,Admin/Waste,2013,10,,,,AZ
NAU,Admin/Waste,2016,1,511,730,.69999999,AZ
NAU,Admin/Waste,2016,5,438,756,.57936507,AZ
NAU,Admin/Waste,2016,10,,,,AZ
NAU,Admin/Waste,2019,1,544,793,.68600249,AZ
NAU,Admin/Waste,2019,5,,,,AZ
NAU,Admin/Waste,2019,10,,,,AZ
NAU,Education,2004,1,1515,1774,.85400224,AZ
NAU,Education,2004,5,1582,2021,.78278083,AZ
NAU,Education,2004,10,1393,1939,.71841156,AZ
NAU,Education,2007,1,1334,1540,.86623377,AZ
NAU,Education,2007,5,1388,1761,.78818852,AZ
NAU,Education,2007,10,1229,1719,.71495056,AZ
NAU,Education,2010,1,1559,1833,.85051829,AZ
NAU,Education,2010,5,1631,2154,.75719589,AZ
NAU,Education,2010,10,1459,2057,.70928538,AZ
NAU,Education,2013,1,1683,1975,.85215187,AZ
NAU,Education,2013,5,1733,2332,.74313891,AZ
NAU,Education,2013,10,,,,AZ
NAU,Education,2016,1,1761,2092,.84177822,AZ
NAU,Education,2016,5,1767,2429,.72745985,AZ
NAU,Education,2016,10,,,,AZ
NAU,Education,2019,1,1821,2209,.82435489,AZ
NAU,Education,2019,5,,,,AZ
NAU,Education,2019,10,,,,AZ
NAU,Health Care,2004,1,679,942,.72080678,AZ
NAU,Health Care,2004,5,641,970,.66082472,AZ
NAU,Health Care,2004,10,633,1051,.60228354,AZ
NAU,Health Care,2007,1,804,1063,.75634998,AZ
NAU,Health Care,2007,5,806,1192,.67617452,AZ
NAU,Health Care,2007,10,784,1256,.6242038,AZ
NAU,Health Care,2010,1,1045,1351,.7735011,AZ
NAU,Health Care,2010,5,1034,1599,.64665419,AZ
NAU,Health Care,2010,10,1032,1620,.63703704,AZ
NAU,Health Care,2013,1,1737,2174,.79898804,AZ
NAU,Health Care,2013,5,1763,2468,.71434361,AZ
NAU,Health Care,2013,10,,,,AZ
NAU,Health Care,2016,1,2454,3021,.8123138,AZ
NAU,Health Care,2016,5,2212,3166,.69867343,AZ
NAU,Health Care,2016,10,,,,AZ
NAU,Health Care,2019,1,2643,3337,.79202878,AZ
NAU,Health Care,2019,5,,,,AZ
NAU,Health Care,2019,10,,,,AZ
NAU,Arts/Entertainment,2004,1,101,127,.79527557,AZ
NAU,Arts/Entertainment,2004,5,100,133,.75187969,AZ
NAU,Arts/Entertainment,2004,10,82,117,.70085472,AZ
NAU,Arts/Entertainment,2007,1,104,148,.7027027,AZ
NAU,Arts/Entertainment,2007,5,85,129,.65891474,AZ
NAU,Arts/Entertainment,2007,10,73,113,.64601767,AZ
NAU,Arts/Entertainment,2010,1,130,192,.67708331,AZ
NAU,Arts/Entertainment,2010,5,134,195,.68717951,AZ
NAU,Arts/Entertainment,2010,10,89,136,.65441179,AZ
NAU,Arts/Entertainment,2013,1,163,227,.71806169,AZ
NAU,Arts/Entertainment,2013,5,127,197,.64467007,AZ
NAU,Arts/Entertainment,2013,10,,,,AZ
NAU,Arts/Entertainment,2016,1,210,299,.70234114,AZ
NAU,Arts/Entertainment,2016,5,127,200,.63499999,AZ
NAU,Arts/Entertainment,2016,10,,,,AZ
NAU,Arts/Entertainment,2019,1,187,274,.68248177,AZ
NAU,Arts/Entertainment,2019,5,,,,AZ
NAU,Arts/Entertainment,2019,10,,,,AZ
NAU,Food/Hospitality,2004,1,380,612,.62091506,AZ
NAU,Food/Hospitality,2004,5,212,404,.5247525,AZ
NAU,Food/Hospitality,2004,10,144,338,.42603549,AZ
NAU,Food/Hospitality,2007,1,413,639,.64632237,AZ
NAU,Food/Hospitality,2007,5,229,450,.5088889,AZ
NAU,Food/Hospitality,2007,10,131,357,.36694679,AZ
NAU,Food/Hospitality,2010,1,520,835,.62275451,AZ
NAU,Food/Hospitality,2010,5,260,550,.47272727,AZ
NAU,Food/Hospitality,2010,10,118,311,.37942123,AZ
NAU,Food/Hospitality,2013,1,602,1008,.59722221,AZ
NAU,Food/Hospitality,2013,5,273,586,.46587032,AZ
NAU,Food/Hospitality,2013,10,,,,AZ
NAU,Food/Hospitality,2016,1,693,1153,.60104078,AZ
NAU,Food/Hospitality,2016,5,305,619,.4927302,AZ
NAU,Food/Hospitality,2016,10,,,,AZ
NAU,Food/Hospitality,2019,1,732,1148,.63763064,AZ
NAU,Food/Hospitality,2019,5,,,,AZ
NAU,Food/Hospitality,2019,10,,,,AZ
NAU,Other Services,2004,1,55,94,.58510637,AZ
NAU,Other Services,2004,5,65,99,.65656567,AZ
NAU,Other Services,2004,10,50,90,.55555558,AZ
NAU,Other Services,2007,1,107,143,.74825174,AZ
NAU,Other Services,2007,5,69,128,.5390625,AZ
NAU,Other Services,2007,10,78,124,.62903225,AZ
NAU,Other Services,2010,1,110,151,.72847682,AZ
NAU,Other Services,2010,5,109,174,.62643677,AZ
NAU,Other Services,2010,10,94,143,.65734267,AZ
NAU,Other Services,2013,1,135,190,.71052629,AZ
NAU,Other Services,2013,5,132,206,.64077669,AZ
NAU,Other Services,2013,10,,,,AZ
NAU,Other Services,2016,1,130,190,.68421054,AZ
NAU,Other Services,2016,5,144,230,.62608695,AZ
NAU,Other Services,2016,10,,,,AZ
NAU,Other Services,2019,1,161,251,.64143425,AZ
NAU,Other Services,2019,5,,,,AZ
NAU,Other Services,2019,10,,,,AZ
NAU,Public Admin,2004,1,432,535,.80747664,AZ
NAU,Public Admin,2004,5,460,608,.75657892,AZ
NAU,Public Admin,2004,10,465,637,.72998428,AZ
NAU,Public Admin,2007,1,395,486,.81275719,AZ
NAU,Public Admin,2007,5,491,621,.7906602,AZ
NAU,Public Admin,2007,10,446,615,.72520328,AZ
NAU,Public Admin,2010,1,486,620,.783871,AZ
NAU,Public Admin,2010,5,580,787,.73697585,AZ
NAU,Public Admin,2010,10,541,792,.68308079,AZ
NAU,Public Admin,2013,1,589,742,.79380053,AZ
NAU,Public Admin,2013,5,669,989,.67644083,AZ
NAU,Public Admin,2013,10,,,,AZ
NAU,Public Admin,2016,1,632,824,.7669903,AZ
NAU,Public Admin,2016,5,699,1027,.68062317,AZ
NAU,Public Admin,2016,10,,,,AZ
NAU,Public Admin,2019,1,586,793,.73896593,AZ
NAU,Public Admin,2019,5,,,,AZ
NAU,Public Admin,2019,10,,,,AZ
UA,Agriculture,2004,1,19,30,.63333333,AZ
UA,Agriculture,2004,5,14,33,.42424244,AZ
UA,Agriculture,2004,10,17,35,.48571429,AZ
UA,Agriculture,2007,1,13,26,.5,AZ
UA,Agriculture,2007,5,16,42,.38095239,AZ
UA,Agriculture,2007,10,14,37,.37837839,AZ
UA,Agriculture,2010,1,27,42,.64285713,AZ
UA,Agriculture,2010,5,27,46,.5869565,AZ
UA,Agriculture,2010,10,19,40,.47499999,AZ
UA,Agriculture,2013,1,14,32,.4375,AZ
UA,Agriculture,2013,5,24,38,.63157892,AZ
UA,Agriculture,2013,10,,,,AZ
UA,Agriculture,2016,1,43,76,.56578946,AZ
UA,Agriculture,2016,5,33,61,.54098362,AZ
UA,Agriculture,2016,10,,,,AZ
UA,Agriculture,2019,1,23,49,.46938777,AZ
UA,Agriculture,2019,5,,,,AZ
UA,Agriculture,2019,10,,,,AZ
UA,Mining,2004,1,26,38,.68421054,AZ
UA,Mining,2004,5,28,48,.58333331,AZ
UA,Mining,2004,10,35,58,.60344827,AZ
UA,Mining,2007,1,33,42,.78571427,AZ
UA,Mining,2007,5,46,55,.83636361,AZ
UA,Mining,2007,10,29,43,.67441863,AZ
UA,Mining,2010,1,50,67,.74626863,AZ
UA,Mining,2010,5,41,71,.57746476,AZ
UA,Mining,2010,10,38,50,.75999999,AZ
UA,Mining,2013,1,38,56,.6785714,AZ
UA,Mining,2013,5,44,53,.83018869,AZ
UA,Mining,2013,10,,,,AZ
UA,Mining,2016,1,52,64,.8125,AZ
UA,Mining,2016,5,49,63,.77777779,AZ
UA,Mining,2016,10,,,,AZ
UA,Mining,2019,1,38,49,.77551019,AZ
UA,Mining,2019,5,,,,AZ
UA,Mining,2019,10,,,,AZ
UA,Utilities,2004,1,21,27,.77777779,AZ
UA,Utilities,2004,5,53,64,.828125,AZ
UA,Utilities,2004,10,65,82,.79268295,AZ
UA,Utilities,2007,1,33,42,.78571427,AZ
UA,Utilities,2007,5,56,66,.84848487,AZ
UA,Utilities,2007,10,55,65,.84615386,AZ
UA,Utilities,2010,1,28,37,.75675678,AZ
UA,Utilities,2010,5,48,61,.78688526,AZ
UA,Utilities,2010,10,49,61,.80327868,AZ
UA,Utilities,2013,1,45,51,.88235295,AZ
UA,Utilities,2013,5,48,64,.75,AZ
UA,Utilities,2013,10,,,,AZ
UA,Utilities,2016,1,51,54,.94444442,AZ
UA,Utilities,2016,5,52,62,.83870965,AZ
UA,Utilities,2016,10,,,,AZ
UA,Utilities,2019,1,51,57,.89473683,AZ
UA,Utilities,2019,5,,,,AZ
UA,Utilities,2019,10,,,,AZ
UA,Construction,2004,1,229,306,.748366,AZ
UA,Construction,2004,5,99,177,.55932206,AZ
UA,Construction,2004,10,91,210,.43333334,AZ
UA,Construction,2007,1,137,214,.64018691,AZ
UA,Construction,2007,5,97,208,.46634614,AZ
UA,Construction,2007,10,98,226,.43362832,AZ
UA,Construction,2010,1,93,166,.56024098,AZ
UA,Construction,2010,5,98,231,.42424244,AZ
UA,Construction,2010,10,113,227,.49779737,AZ
UA,Construction,2013,1,102,202,.50495052,AZ
UA,Construction,2013,5,95,241,.39419088,AZ
UA,Construction,2013,10,,,,AZ
UA,Construction,2016,1,130,235,.55319148,AZ
UA,Construction,2016,5,177,339,.52212387,AZ
UA,Construction,2016,10,,,,AZ
UA,Construction,2019,1,168,292,.57534248,AZ
UA,Construction,2019,5,,,,AZ
UA,Construction,2019,10,,,,AZ
UA,Manufacturing,2004,1,512,836,.61244017,AZ
UA,Manufacturing,2004,5,469,856,.54789722,AZ
UA,Manufacturing,2004,10,443,886,.5,AZ
UA,Manufacturing,2007,1,407,653,.62327719,AZ
UA,Manufacturing,2007,5,454,816,.55637252,AZ
UA,Manufacturing,2007,10,506,946,.53488374,AZ
UA,Manufacturing,2010,1,338,620,.54516131,AZ
UA,Manufacturing,2010,5,431,843,.51126927,AZ
UA,Manufacturing,2010,10,490,958,.51148224,AZ
UA,Manufacturing,2013,1,451,768,.58723956,AZ
UA,Manufacturing,2013,5,614,1055,.58199054,AZ
UA,Manufacturing,2013,10,,,,AZ
UA,Manufacturing,2016,1,627,1023,.61290324,AZ
UA,Manufacturing,2016,5,724,1241,.58340049,AZ
UA,Manufacturing,2016,10,,,,AZ
UA,Manufacturing,2019,1,637,993,.64149046,AZ
UA,Manufacturing,2019,5,,,,AZ
UA,Manufacturing,2019,10,,,,AZ
UA,Wholesale,2004,1,210,435,.48275861,AZ
UA,Wholesale,2004,5,205,489,.41922289,AZ
UA,Wholesale,2004,10,154,444,.34684685,AZ
UA,Wholesale,2007,1,187,388,.48195878,AZ
UA,Wholesale,2007,5,202,468,.43162394,AZ
UA,Wholesale,2007,10,158,446,.35426009,AZ
UA,Wholesale,2010,1,187,420,.44523808,AZ
UA,Wholesale,2010,5,176,496,.3548387,AZ
UA,Wholesale,2010,10,188,503,.37375745,AZ
UA,Wholesale,2013,1,182,442,.41176471,AZ
UA,Wholesale,2013,5,217,541,.40110907,AZ
UA,Wholesale,2013,10,,,,AZ
UA,Wholesale,2016,1,189,445,.4247191,AZ
UA,Wholesale,2016,5,236,561,.42067736,AZ
UA,Wholesale,2016,10,,,,AZ
UA,Wholesale,2019,1,201,421,.47743466,AZ
UA,Wholesale,2019,5,,,,AZ
UA,Wholesale,2019,10,,,,AZ
UA,Retail,2004,1,614,920,.6673913,AZ
UA,Retail,2004,5,330,655,.50381678,AZ
UA,Retail,2004,10,227,571,.39754817,AZ
UA,Retail,2007,1,578,868,.66589862,AZ
UA,Retail,2007,5,389,751,.51797605,AZ
UA,Retail,2007,10,269,590,.4559322,AZ
UA,Retail,2010,1,521,936,.55662394,AZ
UA,Retail,2010,5,366,803,.45579079,AZ
UA,Retail,2010,10,251,590,.42542374,AZ
UA,Retail,2013,1,622,1016,.61220473,AZ
UA,Retail,2013,5,362,787,.45997459,AZ
UA,Retail,2013,10,,,,AZ
UA,Retail,2016,1,517,911,.56750822,AZ
UA,Retail,2016,5,362,783,.46232438,AZ
UA,Retail,2016,10,,,,AZ
UA,Retail,2019,1,577,905,.63756907,AZ
UA,Retail,2019,5,,,,AZ
UA,Retail,2019,10,,,,AZ
UA,Transportation,2004,1,42,74,.56756759,AZ
UA,Transportation,2004,5,43,86,.5,AZ
UA,Transportation,2004,10,36,84,.42857143,AZ
UA,Transportation,2007,1,26,54,.48148149,AZ
UA,Transportation,2007,5,39,89,.43820226,AZ
UA,Transportation,2007,10,48,112,.42857143,AZ
UA,Transportation,2010,1,68,100,.68000001,AZ
UA,Transportation,2010,5,49,128,.3828125,AZ
UA,Transportation,2010,10,64,167,.38323355,AZ
UA,Transportation,2013,1,53,107,.49532712,AZ
UA,Transportation,2013,5,102,199,.51256281,AZ
UA,Transportation,2013,10,,,,AZ
UA,Transportation,2016,1,66,143,.46153846,AZ
UA,Transportation,2016,5,135,268,.50373137,AZ
UA,Transportation,2016,10,,,,AZ
UA,Transportation,2019,1,185,255,.72549021,AZ
UA,Transportation,2019,5,,,,AZ
UA,Transportation,2019,10,,,,AZ
UA,Information,2004,1,241,449,.53674835,AZ
UA,Information,2004,5,153,444,.3445946,AZ
UA,Information,2004,10,135,474,.28481013,AZ
UA,Information,2007,1,130,349,.37249285,AZ
UA,Information,2007,5,112,406,.27586207,AZ
UA,Information,2007,10,140,543,.25782689,AZ
UA,Information,2010,1,175,433,.40415704,AZ
UA,Information,2010,5,185,670,.27611941,AZ
UA,Information,2010,10,183,719,.25452018,AZ
UA,Information,2013,1,204,490,.41632652,AZ
UA,Information,2013,5,216,700,.30857143,AZ
UA,Information,2013,10,,,,AZ
UA,Information,2016,1,297,601,.49417636,AZ
UA,Information,2016,5,282,820,.34390244,AZ
UA,Information,2016,10,,,,AZ
UA,Information,2019,1,222,484,.45867768,AZ
UA,Information,2019,5,,,,AZ
UA,Information,2019,10,,,,AZ
UA,Finance,2004,1,521,797,.65370136,AZ
UA,Finance,2004,5,410,779,.52631581,AZ
UA,Finance,2004,10,374,789,.47401774,AZ
UA,Finance,2007,1,421,663,.63499248,AZ
UA,Finance,2007,5,404,756,.53439152,AZ
UA,Finance,2007,10,372,753,.49402392,AZ
UA,Finance,2010,1,467,691,.67583215,AZ
UA,Finance,2010,5,464,871,.53272098,AZ
UA,Finance,2010,10,458,887,.51634723,AZ
UA,Finance,2013,1,540,836,.64593303,AZ
UA,Finance,2013,5,550,963,.57113189,AZ
UA,Finance,2013,10,,,,AZ
UA,Finance,2016,1,578,931,.62083781,AZ
UA,Finance,2016,5,608,1069,.56875587,AZ
UA,Finance,2016,10,,,,AZ
UA,Finance,2019,1,586,928,.63146549,AZ
UA,Finance,2019,5,,,,AZ
UA,Finance,2019,10,,,,AZ
UA,Real Estate,2004,1,166,263,.63117874,AZ
UA,Real Estate,2004,5,94,197,.47715735,AZ
UA,Real Estate,2004,10,90,184,.48913044,AZ
UA,Real Estate,2007,1,109,213,.51173711,AZ
UA,Real Estate,2007,5,95,197,.48223349,AZ
UA,Real Estate,2007,10,93,190,.48947367,AZ
UA,Real Estate,2010,1,130,204,.63725489,AZ
UA,Real Estate,2010,5,101,224,.45089287,AZ
UA,Real Estate,2010,10,105,236,.44491526,AZ
UA,Real Estate,2013,1,124,218,.56880736,AZ
UA,Real Estate,2013,5,123,267,.46067417,AZ
UA,Real Estate,2013,10,,,,AZ
UA,Real Estate,2016,1,150,248,.60483873,AZ
UA,Real Estate,2016,5,126,258,.48837209,AZ
UA,Real Estate,2016,10,,,,AZ
UA,Real Estate,2019,1,131,205,.63902438,AZ
UA,Real Estate,2019,5,,,,AZ
UA,Real Estate,2019,10,,,,AZ
UA,Professional Services,2004,1,817,1472,.55502719,AZ
UA,Professional Services,2004,5,770,1634,.47123623,AZ
UA,Professional Services,2004,10,676,1723,.39233893,AZ
UA,Professional Services,2007,1,718,1266,.56714058,AZ
UA,Professional Services,2007,5,744,1704,.43661973,AZ
UA,Professional Services,2007,10,701,1801,.38922819,AZ
UA,Professional Services,2010,1,738,1432,.51536316,AZ
UA,Professional Services,2010,5,802,2079,.38576239,AZ
UA,Professional Services,2010,10,798,2205,.36190477,AZ
UA,Professional Services,2013,1,901,1735,.51930833,AZ
UA,Professional Services,2013,5,939,2233,.42051053,AZ
UA,Professional Services,2013,10,,,,AZ
UA,Professional Services,2016,1,1129,2065,.54673123,AZ
UA,Professional Services,2016,5,1081,2595,.41657034,AZ
UA,Professional Services,2016,10,,,,AZ
UA,Professional Services,2019,1,1220,2140,.57009345,AZ
UA,Professional Services,2019,5,,,,AZ
UA,Professional Services,2019,10,,,,AZ
UA,Management,2004,1,58,114,.50877196,AZ
UA,Management,2004,5,73,166,.43975905,AZ
UA,Management,2004,10,59,153,.38562092,AZ
UA,Management,2007,1,60,114,.52631581,AZ
UA,Management,2007,5,67,137,.4890511,AZ
UA,Management,2007,10,74,172,.43023255,AZ
UA,Management,2010,1,63,123,.51219511,AZ
UA,Management,2010,5,89,194,.45876288,AZ
UA,Management,2010,10,88,201,.43781096,AZ
UA,Management,2013,1,66,118,.55932206,AZ
UA,Management,2013,5,97,202,.48019803,AZ
UA,Management,2013,10,,,,AZ
UA,Management,2016,1,77,170,.45294118,AZ
UA,Management,2016,5,136,258,.5271318,AZ
UA,Management,2016,10,,,,AZ
UA,Management,2019,1,113,175,.64571428,AZ
UA,Management,2019,5,,,,AZ
UA,Management,2019,10,,,,AZ
UA,Admin/Waste,2004,1,384,584,.65753424,AZ
UA,Admin/Waste,2004,5,224,476,.47058824,AZ
UA,Admin/Waste,2004,10,220,480,.45833334,AZ
UA,Admin/Waste,2007,1,329,518,.63513511,AZ
UA,Admin/Waste,2007,5,265,495,.53535354,AZ
UA,Admin/Waste,2007,10,221,491,.45010182,AZ
UA,Admin/Waste,2010,1,384,690,.55652171,AZ
UA,Admin/Waste,2010,5,331,646,.51238388,AZ
UA,Admin/Waste,2010,10,313,604,.5182119,AZ
UA,Admin/Waste,2013,1,501,809,.61928308,AZ
UA,Admin/Waste,2013,5,355,746,.47587132,AZ
UA,Admin/Waste,2013,10,,,,AZ
UA,Admin/Waste,2016,1,643,990,.64949495,AZ
UA,Admin/Waste,2016,5,451,871,.51779562,AZ
UA,Admin/Waste,2016,10,,,,AZ
UA,Admin/Waste,2019,1,719,1071,.67133522,AZ
UA,Admin/Waste,2019,5,,,,AZ
UA,Admin/Waste,2019,10,,,,AZ
UA,Education,2004,1,1427,1789,.7976523,AZ
UA,Education,2004,5,1305,1928,.67686725,AZ
UA,Education,2004,10,1304,2114,.61684012,AZ
UA,Education,2007,1,1086,1421,.76425052,AZ
UA,Education,2007,5,1362,1954,.69703174,AZ
UA,Education,2007,10,1227,2086,.58820707,AZ
UA,Education,2010,1,1128,1438,.78442281,AZ
UA,Education,2010,5,1311,2008,.65288842,AZ
UA,Education,2010,10,1215,2014,.60327709,AZ
UA,Education,2013,1,1221,1555,.785209,AZ
UA,Education,2013,5,1387,2097,.66142106,AZ
UA,Education,2013,10,,,,AZ
UA,Education,2016,1,1334,1728,.77199072,AZ
UA,Education,2016,5,1418,2193,.64660281,AZ
UA,Education,2016,10,,,,AZ
UA,Education,2019,1,1383,1765,.7835694,AZ
UA,Education,2019,5,,,,AZ
UA,Education,2019,10,,,,AZ
UA,Health Care,2004,1,1013,1246,.81300163,AZ
UA,Health Care,2004,5,970,1511,.64195895,AZ
UA,Health Care,2004,10,950,1762,.53916007,AZ
UA,Health Care,2007,1,1217,1516,.80277044,AZ
UA,Health Care,2007,5,1200,1926,.62305295,AZ
UA,Health Care,2007,10,1268,2272,.55809861,AZ
UA,Health Care,2010,1,1089,1429,.76207137,AZ
UA,Health Care,2010,5,1154,1995,.57844609,AZ
UA,Health Care,2010,10,1247,2302,.54170287,AZ
UA,Health Care,2013,1,1291,1657,.7791189,AZ
UA,Health Care,2013,5,1383,2237,.61823869,AZ
UA,Health Care,2013,10,,,,AZ
UA,Health Care,2016,1,1452,1924,.75467777,AZ
UA,Health Care,2016,5,1554,2456,.63273615,AZ
UA,Health Care,2016,10,,,,AZ
UA,Health Care,2019,1,1664,2182,.7626031,AZ
UA,Health Care,2019,5,,,,AZ
UA,Health Care,2019,10,,,,AZ
UA,Arts/Entertainment,2004,1,102,177,.57627118,AZ
UA,Arts/Entertainment,2004,5,88,184,.47826087,AZ
UA,Arts/Entertainment,2004,10,60,159,.3773585,AZ
UA,Arts/Entertainment,2007,1,104,177,.58757061,AZ
UA,Arts/Entertainment,2007,5,82,216,.37962964,AZ
UA,Arts/Entertainment,2007,10,69,186,.37096775,AZ
UA,Arts/Entertainment,2010,1,86,214,.40186915,AZ
UA,Arts/Entertainment,2010,5,92,236,.3898305,AZ
UA,Arts/Entertainment,2010,10,64,178,.35955057,AZ
UA,Arts/Entertainment,2013,1,112,253,.44268775,AZ
UA,Arts/Entertainment,2013,5,101,262,.38549617,AZ
UA,Arts/Entertainment,2013,10,,,,AZ
UA,Arts/Entertainment,2016,1,135,274,.49270073,AZ
UA,Arts/Entertainment,2016,5,123,276,.44565219,AZ
UA,Arts/Entertainment,2016,10,,,,AZ
UA,Arts/Entertainment,2019,1,132,225,.58666664,AZ
UA,Arts/Entertainment,2019,5,,,,AZ
UA,Arts/Entertainment,2019,10,,,,AZ
UA,Food/Hospitality,2004,1,425,663,.64102566,AZ
UA,Food/Hospitality,2004,5,191,462,.4134199,AZ
UA,Food/Hospitality,2004,10,104,324,.32098764,AZ
UA,Food/Hospitality,2007,1,467,743,.62853295,AZ
UA,Food/Hospitality,2007,5,214,527,.40607211,AZ
UA,Food/Hospitality,2007,10,104,357,.29131654,AZ
UA,Food/Hospitality,2010,1,568,873,.65063,AZ
UA,Food/Hospitality,2010,5,209,551,.37931034,AZ
UA,Food/Hospitality,2010,10,128,323,.39628482,AZ
UA,Food/Hospitality,2013,1,479,768,.62369794,AZ
UA,Food/Hospitality,2013,5,201,462,.43506494,AZ
UA,Food/Hospitality,2013,10,,,,AZ
UA,Food/Hospitality,2016,1,540,824,.65533978,AZ
UA,Food/Hospitality,2016,5,202,474,.42616034,AZ
UA,Food/Hospitality,2016,10,,,,AZ
UA,Food/Hospitality,2019,1,521,764,.68193716,AZ
UA,Food/Hospitality,2019,5,,,,AZ
UA,Food/Hospitality,2019,10,,,,AZ
UA,Other Services,2004,1,132,201,.65671641,AZ
UA,Other Services,2004,5,113,237,.47679326,AZ
UA,Other Services,2004,10,104,229,.45414847,AZ
UA,Other Services,2007,1,151,218,.69266057,AZ
UA,Other Services,2007,5,113,236,.47881356,AZ
UA,Other Services,2007,10,97,219,.44292238,AZ
UA,Other Services,2010,1,128,215,.59534883,AZ
UA,Other Services,2010,5,119,258,.46124032,AZ
UA,Other Services,2010,10,114,242,.47107437,AZ
UA,Other Services,2013,1,145,217,.66820276,AZ
UA,Other Services,2013,5,124,261,.47509578,AZ
UA,Other Services,2013,10,,,,AZ
UA,Other Services,2016,1,134,216,.62037039,AZ
UA,Other Services,2016,5,181,293,.61774743,AZ
UA,Other Services,2016,10,,,,AZ
UA,Other Services,2019,1,180,259,.69498068,AZ
UA,Other Services,2019,5,,,,AZ
UA,Other Services,2019,10,,,,AZ
UA,Public Admin,2004,1,296,387,.76485789,AZ
UA,Public Admin,2004,5,402,563,.71403199,AZ
UA,Public Admin,2004,10,428,674,.63501483,AZ
UA,Public Admin,2007,1,261,343,.76093292,AZ
UA,Public Admin,2007,5,418,583,.71698111,AZ
UA,Public Admin,2007,10,441,698,.63180518,AZ
UA,Public Admin,2010,1,274,359,.76323122,AZ
UA,Public Admin,2010,5,457,667,.68515742,AZ
UA,Public Admin,2010,10,432,693,.62337661,AZ
UA,Public Admin,2013,1,330,436,.75688076,AZ
UA,Public Admin,2013,5,513,765,.67058825,AZ
UA,Public Admin,2013,10,,,,AZ
UA,Public Admin,2016,1,359,472,.76059324,AZ
UA,Public Admin,2016,5,500,780,.64102566,AZ
UA,Public Admin,2016,10,,,,AZ
UA,Public Admin,2019,1,395,522,.75670499,AZ
UA,Public Admin,2019,5,,,,AZ
UA,Public Admin,2019,10,,,,AZ
